http://www.karllorey.de/tag/endomondo-sports-tacker,/categories/endomondo-sports-tacker/
http://www.karllorey.de/tag/kaloer-clock,/categories/kaloer-clock/
http://www.karllorey.de/2012/10/07/seminar-anmeldung-fur-die-informatik-seminare-im-wintersemester-20122013/,http://www.karllorey.de/posts/2012/10/07/seminar-anmeldung-fur-die-informatik-seminare-im-wintersemester-20122013.html
http://www.karllorey.de/informatik-studium/vorlesungen/datenbanken/ubungsblatt-4/,http://www.karllorey.de/pages/informatik-studium/vorlesungen/datenbanken/ubungsblatt-4.html
http://www.karllorey.de/informatik-studium/vorlesungen/softwarepraktikum/,http://www.karllorey.de/pages/informatik-studium/vorlesungen/softwarepraktikum.html
http://www.karllorey.de/tag/sommersemester-2012,/categories/sommersemester-2012/
http://www.karllorey.de/tag/synchronisation,/categories/synchronisation/
http://www.karllorey.de/tag/sleep-bot,/categories/sleep-bot/
http://www.karllorey.de/tag/zend-framework-2,/categories/zend-framework-2/
http://www.karllorey.de/tag/indexierungsstatus,/categories/indexierungsstatus/
http://www.karllorey.de/2011/11/15/app-der-woche-dropbox-synchronisation-mit-der-cloud/,http://www.karllorey.de/posts/2011/11/15/app-der-woche-dropbox-synchronisation-mit-der-cloud.html
http://www.karllorey.de/2011/11/23/app-der-woche-die-ice-cream-sandwich-tastatur-schon-ab-android-version-2-2/,http://www.karllorey.de/posts/2011/11/23/app-der-woche-die-ice-cream-sandwich-tastatur-schon-ab-android-version-2-2.html
http://www.karllorey.de/2012/04/05/ringvorlesung-unternehmerische-kompetenzen-im-ss-2012/,http://www.karllorey.de/posts/2012/04/05/ringvorlesung-unternehmerische-kompetenzen-im-ss-2012.html
http://www.karllorey.de/tag/cloud,/categories/cloud/
http://www.karllorey.de/tag/sport,/categories/sport/
http://www.karllorey.de/tag/einfuhrung-in-die-betriebswirtschaftslehre-fur-nichtwirtschaftswissenschaftler,/categories/einfuhrung-in-die-betriebswirtschaftslehre-fur-nichtwirtschaftswissenschaftler/
http://www.karllorey.de/informatik-studium/vorlesungen/informationsubertragung/plot-der-restfehlerwahrscheinlichkeit-bei-automatischer-fehlerkorrektur-und-wiederholungsaufforderung-in-matlab/,http://www.karllorey.de/pages/informatik-studium/vorlesungen/informationsubertragung/plot-der-restfehlerwahrscheinlichkeit-bei-automatischer-fehlerkorrektur-und-wiederholungsaufforderung-in-matlab.html
http://www.karllorey.de/tag/podcast,/categories/podcast/
http://www.karllorey.de/2012/10/23/hardwarepraktikum-robotik-weiterhin-mangel-und-nachbesserungsbedarf/,http://www.karllorey.de/posts/2012/10/23/hardwarepraktikum-robotik-weiterhin-mangel-und-nachbesserungsbedarf.html
http://www.karllorey.de/2012/10/06/klausur-checkliste-fur-die-betriebssysteme-vorlesung/,http://www.karllorey.de/posts/2012/10/06/klausur-checkliste-fur-die-betriebssysteme-vorlesung.html
http://www.karllorey.de/tag/color-and-draw-for-kids,/categories/color-and-draw-for-kids/
http://www.karllorey.de/tag/astrid,/categories/astrid/
http://www.karllorey.de/tag/installation,/categories/installation/
http://www.karllorey.de/tag/google,/categories/google/
http://www.karllorey.de/2012/01/11/mehrwert-versionsverwaltung-mit-git/,http://www.karllorey.de/posts/2012/01/11/mehrwert-versionsverwaltung-mit-git.html
http://www.karllorey.de/informatik-studium/vorlesungen/rechenanlagen/,http://www.karllorey.de/pages/informatik-studium/vorlesungen/rechenanlagen.html
http://www.karllorey.de/tag/radardroid,/categories/radardroid/
http://www.karllorey.de/tag/hardwarepraktikum-robotik,/categories/hardwarepraktikum-robotik/
http://www.karllorey.de/tag/master,/categories/master/
http://www.karllorey.de/informatik-studium/vorlesungen/objektorientiertes-programmieren/varianztypen-bei-generischen-klassen-in-java/,http://www.karllorey.de/pages/informatik-studium/vorlesungen/objektorientiertes-programmieren/varianztypen-bei-generischen-klassen-in-java.html
http://www.karllorey.de/tag/pioniergarage,/categories/pioniergarage/
http://www.karllorey.de/tag/liste,/categories/liste/
http://www.karllorey.de/tag/kit,/categories/kit/
http://www.karllorey.de/2011/11/08/tasker-mit-3rd-party-apps-den-funktionsumfang-erweitern/,http://www.karllorey.de/posts/2011/11/08/tasker-mit-3rd-party-apps-den-funktionsumfang-erweitern.html
http://www.karllorey.de/tag/doubletwist,/categories/doubletwist/
http://www.karllorey.de/informatik-studium/vorlesungen/hardwarepraktiukum-robotik/,http://www.karllorey.de/pages/informatik-studium/vorlesungen/hardwarepraktiukum-robotik.html
http://www.karllorey.de/uber-mich/,http://www.karllorey.de/pages/uber-mich.html
http://www.karllorey.de/2011/09/28/doubletwist-synchronisieren-mit-externer-sd-karte-per-workaround/,http://www.karllorey.de/posts/2011/09/28/doubletwist-synchronisieren-mit-externer-sd-karte-per-workaround.html
http://www.karllorey.de/2012/01/07/update-tasker-version-1-2-mit-neuen-features/,http://www.karllorey.de/posts/2012/01/07/update-tasker-version-1-2-mit-neuen-features.html
http://www.karllorey.de/tag/organisation,/categories/organisation/
http://www.karllorey.de/tag/oop,/categories/oop/
http://www.karllorey.de/tag/objektorientiertes-programmieren,/categories/objektorientiertes-programmieren/
http://www.karllorey.de/tag/bewerbung,/categories/bewerbung/
http://www.karllorey.de/tag/newsrob,/categories/newsrob/
http://www.karllorey.de/tag/office-talk,/categories/office-talk/
http://www.karllorey.de/tag/praktikum,/categories/praktikum/
http://www.karllorey.de/informatik-studium/vorlesungen/ebwl-fur-nebenfachler/,http://www.karllorey.de/pages/informatik-studium/vorlesungen/ebwl-fur-nebenfachler.html
http://www.karllorey.de/tag/theoretische-informatik,/categories/theoretische-informatik/
http://www.karllorey.de/tag/minecraft,/categories/minecraft/
http://www.karllorey.de/tag/php,/categories/php/
http://www.karllorey.de/tag/school-helper,/categories/school-helper/
http://www.karllorey.de/tag/anleitung,/categories/anleitung/
http://www.karllorey.de/2016/01/25/internationale-webseite-von-karl-lorey/,http://www.karllorey.de/posts/2016/01/25/internationale-webseite-von-karl-lorey.html
http://www.karllorey.de/tag/my-tracks,/categories/my-tracks/
http://www.karllorey.de/tag/sms-backup-manager,/categories/sms-backup-manager/
http://www.karllorey.de/tag/pomodroido-pro,/categories/pomodroido-pro/
http://www.karllorey.de/2011/09/25/serverumzug-fur-die-wordpress-installation-bei-all-inkl/,http://www.karllorey.de/posts/2011/09/25/serverumzug-fur-die-wordpress-installation-bei-all-inkl.html
http://www.karllorey.de/tag/fehler,/categories/fehler/
http://www.karllorey.de/tag/lenovo,/categories/lenovo/
http://www.karllorey.de/tag/odys-space,/categories/odys-space/
http://www.karllorey.de/tag/hardwarepraktikum,/categories/hardwarepraktikum/
http://www.karllorey.de/tag/great-little-war-game,/categories/great-little-war-game/
http://www.karllorey.de/2012/05/05/beim-wordpress-theme-yoko-unterseiten-der-aktuellen-seite-auflisten/,http://www.karllorey.de/posts/2012/05/05/beim-wordpress-theme-yoko-unterseiten-der-aktuellen-seite-auflisten.html
http://www.karllorey.de/tag/karlsruhe,/categories/karlsruhe/
http://www.karllorey.de/tag/kdd,/categories/kdd/
http://www.karllorey.de/tag/asphalt-6,/categories/asphalt-6/
http://www.karllorey.de/tag/flick-golf,/categories/flick-golf/
http://www.karllorey.de/tag/spam,/categories/spam/
http://www.karllorey.de/tag/unternehmerische-kompetenzen,/categories/unternehmerische-kompetenzen/
http://www.karllorey.de/informatik-studium/vorlesungen/softwarepraktikum/pflichtenheft-in-latex/,http://www.karllorey.de/pages/informatik-studium/vorlesungen/softwarepraktikum/pflichtenheft-in-latex.html
http://www.karllorey.de/2011/10/29/app-der-woche-school-helper-stundenplan-fur-studenten/,http://www.karllorey.de/posts/2011/10/29/app-der-woche-school-helper-stundenplan-fur-studenten.html
http://www.karllorey.de/tag/java,/categories/java/
http://www.karllorey.de/tag/code,/categories/code/
http://www.karllorey.de/2012/01/06/musterlosungen-der-ubungsblatter-fur-theoretische-informatik-und-datenbanken-neu-sortiert/,http://www.karllorey.de/posts/2012/01/06/musterlosungen-der-ubungsblatter-fur-theoretische-informatik-und-datenbanken-neu-sortiert.html
http://www.karllorey.de/2011/11/30/amazon-cyber-monday-heute-drei-einsteiger-tablets-mit-android/,http://www.karllorey.de/posts/2011/11/30/amazon-cyber-monday-heute-drei-einsteiger-tablets-mit-android.html
http://www.karllorey.de/2013/03/28/java-8-features-und-anderungen-im-neuen-java/,http://www.karllorey.de/posts/2013/03/28/java-8-features-und-anderungen-im-neuen-java.html
http://www.karllorey.de/tag/bug,/categories/bug/
http://www.karllorey.de/tag/angebot,/categories/angebot/
http://www.karllorey.de/tag/allgemein,/categories/allgemein/
http://www.karllorey.de/2012/12/12/theme-wechsel-von-tewnty-eleven-auf-twenty-twelve/,http://www.karllorey.de/posts/2012/12/12/theme-wechsel-von-tewnty-eleven-auf-twenty-twelve.html
http://www.karllorey.de/tag/anderung,/categories/anderung/
http://www.karllorey.de/2012/04/02/die-informatik-vorlesungsumfrage-an-der-universitat-wurzburg-im-ws-20112012/,http://www.karllorey.de/posts/2012/04/02/die-informatik-vorlesungsumfrage-an-der-universitat-wurzburg-im-ws-20112012.html
http://www.karllorey.de/2012/04/26/jetzt-mit-gravatar/,http://www.karllorey.de/posts/2012/04/26/jetzt-mit-gravatar.html
http://www.karllorey.de/tag/theme,/categories/theme/
http://www.karllorey.de/informatik-studium/vorlesungen/datenbanken/,http://www.karllorey.de/pages/informatik-studium/vorlesungen/datenbanken.html
http://www.karllorey.de/tag/changelog,/categories/changelog/
http://www.karllorey.de/tag/app,/categories/app/
http://www.karllorey.de/tag/seoquake,/categories/seoquake/
http://www.karllorey.de/tag/uni-wechsel,/categories/uni-wechsel/
http://www.karllorey.de/tag/paper-camera,/categories/paper-camera/
http://www.karllorey.de/impressum/,http://www.karllorey.de/pages/impressum.html
http://www.karllorey.de/tag/prinzipien,/categories/prinzipien/
http://www.karllorey.de/tag/adwlauncher-ex,/categories/adwlauncher-ex/
http://www.karllorey.de/informatik-studium/vorlesungen/,http://www.karllorey.de/pages/informatik-studium/vorlesungen.html
http://www.karllorey.de/tag/hello-world,/categories/hello-world/
http://www.karllorey.de/tag/entrepreneurship,/categories/entrepreneurship/
http://www.karllorey.de/tag/swiftkey-x,/categories/swiftkey-x/
http://www.karllorey.de/tag/monitoring,/categories/monitoring/
http://www.karllorey.de/2012/09/12/weitere-informationen-zum-informatik-studium/,http://www.karllorey.de/posts/2012/09/12/weitere-informationen-zum-informatik-studium.html
http://www.karllorey.de/tag/gravatar,/categories/gravatar/
http://www.karllorey.de/tag/ibm,/categories/ibm/
http://www.karllorey.de/informatik-studium/vorlesungen/informationsubertragung/implementierung-der-shannon-fano-codierung-in-matlab/,http://www.karllorey.de/pages/informatik-studium/vorlesungen/informationsubertragung/implementierung-der-shannon-fano-codierung-in-matlab.html
http://www.karllorey.de/tag/gigabyte-z87-d3hp,/categories/gigabyte-z87-d3hp/
http://www.karllorey.de/tag/nebenfach,/categories/nebenfach/
http://www.karllorey.de/tag/update,/categories/update/
http://www.karllorey.de/2013/02/07/komplexe-zahlen-in-java-als-klasse/,http://www.karllorey.de/posts/2013/02/07/komplexe-zahlen-in-java-als-klasse.html
http://www.karllorey.de/tag/stack-overflow,/categories/stack-overflow/
http://www.karllorey.de/tag/softwaretechnik,/categories/softwaretechnik/
http://www.karllorey.de/2012/11/27/indexierungsstatus-nicht-ausgewahlt-bei-google-webmaster-tools/,http://www.karllorey.de/posts/2012/11/27/indexierungsstatus-nicht-ausgewahlt-bei-google-webmaster-tools.html
http://www.karllorey.de/tag/due-today,/categories/due-today/
http://www.karllorey.de/tag/webhosting,/categories/webhosting/
http://www.karllorey.de/2013/02/03/geheimnisse-der-chrome-developer-tools/,http://www.karllorey.de/posts/2013/02/03/geheimnisse-der-chrome-developer-tools.html
http://www.karllorey.de/informatik-studium/vorlesungen/informationsubertragung/ruckgekoppeltes-schieberegister-in-matlab/,http://www.karllorey.de/pages/informatik-studium/vorlesungen/informationsubertragung/ruckgekoppeltes-schieberegister-in-matlab.html
http://www.karllorey.de/2012/04/24/sms-backup-manager-0-1-alpha-ab-sofort-downloaden-und-testen/,http://www.karllorey.de/posts/2012/04/24/sms-backup-manager-0-1-alpha-ab-sofort-downloaden-und-testen.html
http://www.karllorey.de/tag/ubersetzung,/categories/ubersetzung/
http://www.karllorey.de/2012/11/21/seo-bessere-analyse-der-keyword-dichte-mit-seoquake/,http://www.karllorey.de/posts/2012/11/21/seo-bessere-analyse-der-keyword-dichte-mit-seoquake.html
http://www.karllorey.de/tag/google-webmaster-tools,/categories/google-webmaster-tools/
http://www.karllorey.de/2011/12/14/tasker-android-sms-vorlesen-lassen/,http://www.karllorey.de/posts/2011/12/14/tasker-android-sms-vorlesen-lassen.html
http://www.karllorey.de/tag/hauptseiten,/categories/hauptseiten/
http://www.karllorey.de/informatik-studium/vorlesungen/standard-office-software-fur-fortgeschrittene-2/,http://www.karllorey.de/pages/informatik-studium/vorlesungen/standard-office-software-fur-fortgeschrittene-2.html
http://www.karllorey.de/tag/radfahren,/categories/radfahren/
http://www.karllorey.de/2012/02/11/das-softwarepraktikum-in-den-semesterferien-an-der-uni-wurzburg/,http://www.karllorey.de/posts/2012/02/11/das-softwarepraktikum-in-den-semesterferien-an-der-uni-wurzburg.html
http://www.karllorey.de/informatik-studium/vorlesungscharts-der-informatik/,http://www.karllorey.de/pages/informatik-studium/vorlesungscharts-der-informatik.html
http://www.karllorey.de/tag/formular,/categories/formular/
http://www.karllorey.de/2014/08/03/bachelorarbeit-erstes-paper-uni-wechsel-und-master-das-letzte-jahr/,http://www.karllorey.de/posts/2014/08/03/bachelorarbeit-erstes-paper-uni-wechsel-und-master-das-letzte-jahr.html
http://www.karllorey.de/tag/k-9-mail,/categories/k-9-mail/
http://www.karllorey.de/tag/tetris,/categories/tetris/
http://www.karllorey.de/tag/reckless-racing,/categories/reckless-racing/
http://www.karllorey.de/2012/03/22/sms-backup-manager-veroffentlichung-der-ersten-alpha-version/,http://www.karllorey.de/posts/2012/03/22/sms-backup-manager-veroffentlichung-der-ersten-alpha-version.html
http://www.karllorey.de/tag/christmas-hd,/categories/christmas-hd/
http://www.karllorey.de/tag/notfall-sms,/categories/notfall-sms/
http://www.karllorey.de/informatik-studium/vorlesungen/theoretische-informatik/allgemeine-simulation-einer-ram-in-python/,http://www.karllorey.de/pages/informatik-studium/vorlesungen/theoretische-informatik/allgemeine-simulation-einer-ram-in-python.html
http://www.karllorey.de/tag/wirschaftswissenschaften,/categories/wirschaftswissenschaften/
http://www.karllorey.de/2013/02/06/fur-kommentare-ist-keine-e-mail-adresse-mehr-erforderlich/,http://www.karllorey.de/posts/2013/02/06/fur-kommentare-ist-keine-e-mail-adresse-mehr-erforderlich.html
http://www.karllorey.de/informatik-studium/vorlesungen/datenbanken/ubungsblatt-5/,http://www.karllorey.de/pages/informatik-studium/vorlesungen/datenbanken/ubungsblatt-5.html
http://www.karllorey.de/tag/clean-code,/categories/clean-code/
http://www.karllorey.de/tag/softwarepraktikum,/categories/softwarepraktikum/
http://www.karllorey.de/informatik-studium/studienverlauf-informatik-uni-wurzburg/,http://www.karllorey.de/pages/informatik-studium/studienverlauf-informatik-uni-wurzburg.html
http://www.karllorey.de/informatik-studium/vorlesungen/objektorientiertes-programmieren/,http://www.karllorey.de/pages/informatik-studium/vorlesungen/objektorientiertes-programmieren.html
http://www.karllorey.de/tag/kurzmitteilung,/categories/kurzmitteilung/
http://www.karllorey.de/tag/airsync,/categories/airsync/
http://www.karllorey.de/tag/alice,/categories/alice/
http://www.karllorey.de/informatik-studium/vorlesungen/rechenanlagen/rechenanlagen-klausur-ss2012/,http://www.karllorey.de/pages/informatik-studium/vorlesungen/rechenanlagen/rechenanlagen-klausur-ss2012.html
http://www.karllorey.de/tag/studium,/categories/studium/
http://www.karllorey.de/tag/odys,/categories/odys/
http://www.karllorey.de/informatik-studium/vorlesungen/betriebssysteme/betriebssysteme-nachklausur-wintersemester-20122013/,http://www.karllorey.de/pages/informatik-studium/vorlesungen/betriebssysteme/betriebssysteme-nachklausur-wintersemester-20122013.html
http://www.karllorey.de/tag/ubungsblatt,/categories/ubungsblatt/
http://www.karllorey.de/tag/fieldrunners-hd,/categories/fieldrunners-hd/
http://www.karllorey.de/2011/11/17/das-display-des-neuen-galaxy-nexus/,http://www.karllorey.de/posts/2011/11/17/das-display-des-neuen-galaxy-nexus.html
http://www.karllorey.de/tag/kommentare,/categories/kommentare/
http://www.karllorey.de/tag/nfl-rivals,/categories/nfl-rivals/
http://www.karllorey.de/tag/informatik,/categories/informatik/
http://www.karllorey.de/2016/09/06/die-karlsruher-startup-szene-im-ueberblick-fuer-gruender-und-entrepreneure/,http://www.karllorey.de/posts/2016/09/06/die-karlsruher-startup-szene-im-ueberblick-fuer-gruender-und-entrepreneure.html
http://www.karllorey.de/tag/horenswert,/categories/horenswert/
http://www.karllorey.de/tag/tacho,/categories/tacho/
http://www.karllorey.de/tag/musik,/categories/musik/
http://www.karllorey.de/2011/11/01/alle-artikel-uber-apps-jetzt-mit-qr-code-fur-den-android-market/,http://www.karllorey.de/posts/2011/11/01/alle-artikel-uber-apps-jetzt-mit-qr-code-fur-den-android-market.html
http://www.karllorey.de/projekte/,http://www.karllorey.de/pages/projekte.html
http://www.karllorey.de/tag/meinung,/categories/meinung/
http://www.karllorey.de/tag/blog,/categories/blog/
http://www.karllorey.de/tag/chaosradio,/categories/chaosradio/
http://www.karllorey.de/tag/seminar-neue-dienste-und-applikationen-im-zukunftigen-internet,/categories/seminar-neue-dienste-und-applikationen-im-zukunftigen-internet/
http://www.karllorey.de/tag/sms-backup-+,/categories/sms-backup-%2B/
http://www.karllorey.de/tag/widgetlocker,/categories/widgetlocker/
http://www.karllorey.de/tag/sommersemester-2013,/categories/sommersemester-2013/
http://www.karllorey.de/tag/kommentar,/categories/kommentar/
http://www.karllorey.de/informatik-studium/vorlesungen/theoretische-informatik/simulation-einer-turing-maschine-durch-ein-python-programm/,http://www.karllorey.de/pages/informatik-studium/vorlesungen/theoretische-informatik/simulation-einer-turing-maschine-durch-ein-python-programm.html
http://www.karllorey.de/tag/linux-mint,/categories/linux-mint/
http://www.karllorey.de/tag/stundenplan-timetable-spread,/categories/stundenplan-timetable-spread/
http://www.karllorey.de/2011/11/14/bitte-an-der-umfrage-uber-zukunftige-themen-teilnehmen/,http://www.karllorey.de/posts/2011/11/14/bitte-an-der-umfrage-uber-zukunftige-themen-teilnehmen.html
http://www.karllorey.de/tag/versionsverwaltung,/categories/versionsverwaltung/
http://www.karllorey.de/2013/02/09/google-webmaster-tools-indexierungsstatus-nicht-ausgewahlt-mit-update-entfernt/,http://www.karllorey.de/posts/2013/02/09/google-webmaster-tools-indexierungsstatus-nicht-ausgewahlt-mit-update-entfernt.html
http://www.karllorey.de/tag/teslaled,/categories/teslaled/
http://www.karllorey.de/2011/12/04/ubungsblatter-losungen-fur-drei-vorlesungen-online/,http://www.karllorey.de/posts/2011/12/04/ubungsblatter-losungen-fur-drei-vorlesungen-online.html
http://www.karllorey.de/tag/informatik-studium,/categories/informatik-studium/
http://www.karllorey.de/tag/zeitreihenanalyse,/categories/zeitreihenanalyse/
http://www.karllorey.de/tag/download,/categories/download/
http://www.karllorey.de/tag/samsung-galaxy-s,/categories/samsung-galaxy-s/
http://www.karllorey.de/tag/tasker,/categories/tasker/
http://www.karllorey.de/tag/start-chart,/categories/start-chart/
http://www.karllorey.de/tag/rabatt,/categories/rabatt/
http://www.karllorey.de/tag/a+-timetable,/categories/a%2B-timetable/
http://www.karllorey.de/informatik-studium/vorlesungen/theoretische-informatik/while-programm-zur-binardarstellung/,http://www.karllorey.de/pages/informatik-studium/vorlesungen/theoretische-informatik/while-programm-zur-binardarstellung.html
http://www.karllorey.de/2011/12/08/android-market-noch-mehr-apps-fur-10-cent-am-dritten-tag/,http://www.karllorey.de/posts/2011/12/08/android-market-noch-mehr-apps-fur-10-cent-am-dritten-tag.html
http://www.karllorey.de/tag/graphite,/categories/graphite/
http://www.karllorey.de/2012/02/05/neue-seite-uber-projekte/,http://www.karllorey.de/posts/2012/02/05/neue-seite-uber-projekte.html
http://www.karllorey.de/tag/wordpress,/categories/wordpress/
http://www.karllorey.de/2014/10/27/zf2-pflicht-feld-eines-formulars-mit-stern-markieren/,http://www.karllorey.de/posts/2014/10/27/zf2-pflicht-feld-eines-formulars-mit-stern-markieren.html
http://www.karllorey.de/tag/juicedefender,/categories/juicedefender/
http://www.karllorey.de/informatik-studium/vorlesungen/evwl-fur-nebenfachler/,http://www.karllorey.de/pages/informatik-studium/vorlesungen/evwl-fur-nebenfachler.html
http://www.karllorey.de/tag/projekte,/categories/projekte/
http://www.karllorey.de/2012/05/16/ablauf-von-google-bewerbungsgesprachen/,http://www.karllorey.de/posts/2012/05/16/ablauf-von-google-bewerbungsgesprachen.html
http://www.karllorey.de/tag/sql,/categories/sql/
http://www.karllorey.de/tag/boblingen,/categories/boblingen/
http://www.karllorey.de/tag/all-inkl,/categories/all-inkl/
http://www.karllorey.de/tag/statusmitteilung,/categories/statusmitteilung/
http://www.karllorey.de/tag/amazon,/categories/amazon/
http://www.karllorey.de/tag/google-maps,/categories/google-maps/
http://www.karllorey.de/tag/sms-backup-amp-restore,/categories/sms-backup-amp-restore/
http://www.karllorey.de/informatik-studium/vorlesungen/betriebssysteme/betriebssysteme-klausur-sommersemester-2012/,http://www.karllorey.de/pages/informatik-studium/vorlesungen/betriebssysteme/betriebssysteme-klausur-sommersemester-2012.html
http://www.karllorey.de/tag/yoko,/categories/yoko/
http://www.karllorey.de/informatik-studium/vorlesungen/datenbanken/tennisdatenbank/,http://www.karllorey.de/pages/informatik-studium/vorlesungen/datenbanken/tennisdatenbank.html
http://www.karllorey.de/tag/pflichtenheft,/categories/pflichtenheft/
http://www.karllorey.de/tag/openwatch,/categories/openwatch/
http://www.karllorey.de/2013/02/23/hallo-ich-bin-ein-compiler/,http://www.karllorey.de/posts/2013/02/23/hallo-ich-bin-ein-compiler.html
http://www.karllorey.de/tag/git,/categories/git/
http://www.karllorey.de/tag/vorlesungsumfrage,/categories/vorlesungsumfrage/
http://www.karllorey.de/2012/05/09/tasker-notfall-sms-mit-gps-position-versenden/,http://www.karllorey.de/posts/2012/05/09/tasker-notfall-sms-mit-gps-position-versenden.html
http://www.karllorey.de/tag/sms,/categories/sms/
http://www.karllorey.de/tag/vortrag,/categories/vortrag/
http://www.karllorey.de/2013/03/19/java-hello-world-verbluffend-statt-einfach/,http://www.karllorey.de/posts/2013/03/19/java-hello-world-verbluffend-statt-einfach.html
http://www.karllorey.de/2011/12/09/doubletwist-synchronisation-mit-sd-karte-immer-noch-fehlerhaft/,http://www.karllorey.de/posts/2011/12/09/doubletwist-synchronisation-mit-sd-karte-immer-noch-fehlerhaft.html
http://www.karllorey.de/informatik-studium/vorlesungen/objektorientiertes-programmieren/entwurfsmuster-builder-in-java-erbauer/,http://www.karllorey.de/pages/informatik-studium/vorlesungen/objektorientiertes-programmieren/entwurfsmuster-builder-in-java-erbauer.html
http://www.karllorey.de/tag/data-mining,/categories/data-mining/
http://www.karllorey.de/tag/samsung,/categories/samsung/
http://www.karllorey.de/tag/problem,/categories/problem/
http://www.karllorey.de/tag/betriebssysteme,/categories/betriebssysteme/
http://www.karllorey.de/tag/sommersemester-2011,/categories/sommersemester-2011/
http://www.karllorey.de/tag/latex,/categories/latex/
http://www.karllorey.de/tag/youtube,/categories/youtube/
http://www.karllorey.de/tag/wintersemester-20122013,/categories/wintersemester-20122013/
http://www.karllorey.de/tag/informationsubertragung,/categories/informationsubertragung/
http://www.karllorey.de/tag/samsung-galaxy-nexus,/categories/samsung-galaxy-nexus/
http://www.karllorey.de/tag/umfrage,/categories/umfrage/
http://www.karllorey.de/tag/statistiken,/categories/statistiken/
http://www.karllorey.de/tag/docker,/categories/docker/
http://www.karllorey.de/tag/startups,/categories/startups/
http://www.karllorey.de/tag/screebl,/categories/screebl/
http://www.karllorey.de/informatik-studium/vorlesungen/betriebssysteme/,http://www.karllorey.de/pages/informatik-studium/vorlesungen/betriebssysteme.html
http://www.karllorey.de/tag/algorithmen-und-datenstrukturen,/categories/algorithmen-und-datenstrukturen/
http://www.karllorey.de/tag/chrome-developer-tools,/categories/chrome-developer-tools/
http://www.karllorey.de/2011/09/21/es-kann-losgehen/,http://www.karllorey.de/posts/2011/09/21/es-kann-losgehen.html
http://www.karllorey.de/informatik-studium/nebenfach-wirtschaftswissenschaften/,http://www.karllorey.de/pages/informatik-studium/nebenfach-wirtschaftswissenschaften.html
http://www.karllorey.de/tag/video,/categories/video/
http://www.karllorey.de/2011/09/22/app-der-woche-my-tracks-tacho-ersatz-fuer-android/,http://www.karllorey.de/posts/2011/09/22/app-der-woche-my-tracks-tacho-ersatz-fuer-android.html
http://www.karllorey.de/tag/tastatur,/categories/tastatur/
http://www.karllorey.de/tag/kryptografie,/categories/kryptografie/
http://www.karllorey.de/informatik-studium/,http://www.karllorey.de/pages/informatik-studium.html
http://www.karllorey.de/tag/beyondpod,/categories/beyondpod/
http://www.karllorey.de/tag/android,/categories/android/
http://www.karllorey.de/tag/zendform,/categories/zendform/
http://www.karllorey.de/tag/java-programmierpraktikum,/categories/java-programmierpraktikum/
http://www.karllorey.de/tag/redundanz,/categories/redundanz/
http://www.karllorey.de/tag/tm,/categories/tm/
http://www.karllorey.de/2011/11/18/swiftkey-x-startet-nach-update-nicht-mehr/,http://www.karllorey.de/posts/2011/11/18/swiftkey-x-startet-nach-update-nicht-mehr.html
http://www.karllorey.de/tag/sketchbook-mobile,/categories/sketchbook-mobile/
http://www.karllorey.de/tag/google-chrome,/categories/google-chrome/
http://www.karllorey.de/informatik-studium/vorlesungen/theoretische-informatik/von-while-zu-while_n-und-zuruck/,http://www.karllorey.de/pages/informatik-studium/vorlesungen/theoretische-informatik/von-while-zu-while_n-und-zuruck.html
http://www.karllorey.de/tag/knime,/categories/knime/
http://www.karllorey.de/tag/uni-wurzburg,/categories/uni-wurzburg/
http://www.karllorey.de/tag/java-8,/categories/java-8/
http://www.karllorey.de/tag/vorlesung,/categories/vorlesung/
http://www.karllorey.de/2012/01/04/datenbanken-losung-fur-ubungsblatt-5-hinzugefugt/,http://www.karllorey.de/posts/2012/01/04/datenbanken-losung-fur-ubungsblatt-5-hinzugefugt.html
http://www.karllorey.de/tag/bedtime-battle,/categories/bedtime-battle/
http://www.karllorey.de/tag/ice-cream-sandwich,/categories/ice-cream-sandwich/
http://www.karllorey.de/2012/04/11/erlebnisbericht-hardwarepraktikum-robotik/,http://www.karllorey.de/posts/2012/04/11/erlebnisbericht-hardwarepraktikum-robotik.html
http://www.karllorey.de/2011/11/27/ice-cream-sandwich-auf-dem-samsung-galaxy-s-i9000/,http://www.karllorey.de/posts/2011/11/27/ice-cream-sandwich-auf-dem-samsung-galaxy-s-i9000.html
http://www.karllorey.de/tag/coby-kyros-mid-7022,/categories/coby-kyros-mid-7022/
http://www.karllorey.de/tag/klausur,/categories/klausur/
http://www.karllorey.de/tag/coby,/categories/coby/
http://www.karllorey.de/tag/komplexe-zahlen,/categories/komplexe-zahlen/
http://www.karllorey.de/2012/02/29/der-diffie-hellman-schlusselaustausch-verstandlich-erklart/,http://www.karllorey.de/posts/2012/02/29/der-diffie-hellman-schlusselaustausch-verstandlich-erklart.html
http://www.karllorey.de/tag/data-mining-cup-2014,/categories/data-mining-cup-2014/
http://www.karllorey.de/tag/dont-repeat-yourself,/categories/dont-repeat-yourself/
http://www.karllorey.de/tag/soundhound,/categories/soundhound/
http://www.karllorey.de/tag/gentle-alarm,/categories/gentle-alarm/
http://www.karllorey.de/2011/11/24/angebot-beyondpod-bis-zum-27-11-fur-nur-149e/,http://www.karllorey.de/posts/2011/11/24/angebot-beyondpod-bis-zum-27-11-fur-nur-149e.html
http://www.karllorey.de/informatik-studium/voraussetzungen-fur-vorlesungen/,http://www.karllorey.de/pages/informatik-studium/voraussetzungen-fur-vorlesungen.html
http://www.karllorey.de/2011/12/10/android-market-die-10-cent-apps-des-vierten-tags/,http://www.karllorey.de/posts/2011/12/10/android-market-die-10-cent-apps-des-vierten-tags.html
http://www.karllorey.de/tag/lenovo-a1,/categories/lenovo-a1/
http://www.karllorey.de/informatik-studium/vorlesungen/mathematik-fur-informatiker-3/,http://www.karllorey.de/pages/informatik-studium/vorlesungen/mathematik-fur-informatiker-3.html
http://www.karllorey.de/tag/erlebnisbericht,/categories/erlebnisbericht/
http://www.karllorey.de/tag/compiler,/categories/compiler/
http://www.karllorey.de/projekte/sms-backup-manager-fur-sms-backup-restore/,http://www.karllorey.de/pages/projekte/sms-backup-manager-fur-sms-backup-restore.html
http://www.karllorey.de/tag/matlab,/categories/matlab/
http://www.karllorey.de/tag/seminar,/categories/seminar/
http://www.karllorey.de/2011/12/07/android-market-neuer-tag-neue-apps-fur-10-cent/,http://www.karllorey.de/posts/2011/12/07/android-market-neuer-tag-neue-apps-fur-10-cent.html
http://www.karllorey.de/tag/follow-up,/categories/follow-up/
http://www.karllorey.de/tag/timetable++,/categories/timetable%2B%2B/
http://www.karllorey.de/tag/rechnernetze-und-kommunikationssysteme,/categories/rechnernetze-und-kommunikationssysteme/
http://www.karllorey.de/tag/opentsdb,/categories/opentsdb/
http://www.karllorey.de/tag/seo,/categories/seo/
http://www.karllorey.de/tag/rechenanlagen,/categories/rechenanlagen/
http://www.karllorey.de/tag/workaround,/categories/workaround/
http://www.karllorey.de/2012/03/21/daten-zum-vierten-semester-hinzugefugt/,http://www.karllorey.de/posts/2012/03/21/daten-zum-vierten-semester-hinzugefugt.html
http://www.karllorey.de/tag/bachelor,/categories/bachelor/
http://www.karllorey.de/tag/twenty-eleven,/categories/twenty-eleven/
http://www.karllorey.de/2012/10/17/informationen-uber-mein-funftes-semester-hinzugefugt/,http://www.karllorey.de/posts/2012/10/17/informationen-uber-mein-funftes-semester-hinzugefugt.html
http://www.karllorey.de/tag/datenbanken,/categories/datenbanken/
http://www.karllorey.de/informatik-studium/vorlesungen/theoretische-informatik/,http://www.karllorey.de/pages/informatik-studium/vorlesungen/theoretische-informatik.html
http://www.karllorey.de/2012/01/03/theme-wechsel-von-twenty-ten-auf-twenty-eleven/,http://www.karllorey.de/posts/2012/01/03/theme-wechsel-von-twenty-ten-auf-twenty-eleven.html
http://www.karllorey.de/tag/auswertung,/categories/auswertung/
http://www.karllorey.de/tag/app-der-woche,/categories/app-der-woche/
http://www.karllorey.de/tag/fruit-ninja,/categories/fruit-ninja/
http://www.karllorey.de/tag/twenty-twelve,/categories/twenty-twelve/
http://www.karllorey.de/2011/11/24/video-erstes-review-des-asus-transformer-prime-tf201/,http://www.karllorey.de/posts/2011/11/24/video-erstes-review-des-asus-transformer-prime-tf201.html
http://www.karllorey.de/tag/nachklausur,/categories/nachklausur/
http://www.karllorey.de/tag/lesenswert,/categories/lesenswert/
http://www.karllorey.de/informatik-studium/vorlesungen/informationsubertragung/darstellung-der-code-effizienz-und-der-maximalen-anzahl-der-nutzbits-in-matlab/,http://www.karllorey.de/pages/informatik-studium/vorlesungen/informationsubertragung/darstellung-der-code-effizienz-und-der-maximalen-anzahl-der-nutzbits-in-matlab.html
http://www.karllorey.de/informatik-studium/vorlesungen/betriebssysteme/klausur-checkliste-fur-die-betriebssysteme-klausur/,http://www.karllorey.de/pages/informatik-studium/vorlesungen/betriebssysteme/klausur-checkliste-fur-die-betriebssysteme-klausur.html
http://www.karllorey.de/tag/vimeo,/categories/vimeo/
http://www.karllorey.de/informatik-studium/vorlesungen/objektorientiertes-programmieren/komplexe-zahl-als-klasse-in-java/,http://www.karllorey.de/pages/informatik-studium/vorlesungen/objektorientiertes-programmieren/komplexe-zahl-als-klasse-in-java.html
http://www.karllorey.de/tag/glasser,/categories/glasser/
http://www.karllorey.de/tag/python,/categories/python/
http://www.karllorey.de/tag/spss-modeler,/categories/spss-modeler/
http://www.karllorey.de/tag/mehrwert,/categories/mehrwert/
http://www.karllorey.de/2011/12/07/android-market-diverse-apps-fur-nur-10-cent/,http://www.karllorey.de/posts/2011/12/07/android-market-diverse-apps-fur-nur-10-cent.html
http://www.karllorey.de/tag/einfuhrung-in-die-volkswirtschaftslehre-fur-nichtwirtschaftswissenschaftler,/categories/einfuhrung-in-die-volkswirtschaftslehre-fur-nichtwirtschaftswissenschaftler/
http://www.karllorey.de/tag/review,/categories/review/
http://www.karllorey.de/tag/twenty-ten,/categories/twenty-ten/
http://www.karllorey.de/informatik-studium/vorlesungen/informationsubertragung/numerische-fourier-transformation-in-matlab/,http://www.karllorey.de/pages/informatik-studium/vorlesungen/informationsubertragung/numerische-fourier-transformation-in-matlab.html
http://www.karllorey.de/tag/ram,/categories/ram/
http://www.karllorey.de/tag/musterlosung,/categories/musterlosung/
http://www.karllorey.de/tag/link,/categories/link/
http://www.karllorey.de/informatik-studium/vorlesungen/informationsubertragung/,http://www.karllorey.de/pages/informatik-studium/vorlesungen/informationsubertragung.html
http://www.karllorey.de/tag/dropbox,/categories/dropbox/
http://www.karllorey.de/tag/in-eigener-sache,/categories/in-eigener-sache/
http://www.karllorey.de/informatik-studium/vorlesungen/informationsubertragung/plot-von-verteilungsfunktion-und-verteilungsdichtefunktion-in-matlab/,http://www.karllorey.de/pages/informatik-studium/vorlesungen/informationsubertragung/plot-von-verteilungsfunktion-und-verteilungsdichtefunktion-in-matlab.html
http://www.karllorey.de/informatik-studium/vorlesungen/theoretische-informatik/ram-zur-berechnung-des-grosten-gemeinsamen-teilers-ggt/,http://www.karllorey.de/pages/informatik-studium/vorlesungen/theoretische-informatik/ram-zur-berechnung-des-grosten-gemeinsamen-teilers-ggt.html
http://www.karllorey.de/tag/tablet,/categories/tablet/
http://www.karllorey.de/2013/02/18/pflichtenheft-in-latex-version-0-2-verfugbar/,http://www.karllorey.de/posts/2013/02/18/pflichtenheft-in-latex-version-0-2-verfugbar.html
http://www.karllorey.de/tag/vorlesungscharts,/categories/vorlesungscharts/
http://www.karllorey.de/informatik-studium/vorlesungen/seminar-kryptographie/,http://www.karllorey.de/pages/informatik-studium/vorlesungen/seminar-kryptographie.html
http://www.karllorey.de/tag/prometheus,/categories/prometheus/
http://www.karllorey.de/tag/isyncr,/categories/isyncr/
http://www.karllorey.de/informatik-studium/vorlesungen/objektorientiertes-programmieren/annotations-in-java/,http://www.karllorey.de/pages/informatik-studium/vorlesungen/objektorientiertes-programmieren/annotations-in-java.html
http://www.karllorey.de/tag/dry,/categories/dry/
http://www.karllorey.de/tag/remote-notifier,/categories/remote-notifier/
http://www.karllorey.de/tag/semesterferien,/categories/semesterferien/
http://www.karllorey.de/tag/gps,/categories/gps/
http://www.karllorey.de/2012/07/13/gedachtnisprotokoll-der-rechenanlagen-klausur/,http://www.karllorey.de/posts/2012/07/13/gedachtnisprotokoll-der-rechenanlagen-klausur.html
http://www.karllorey.de/tag/wintersemester-20112012,/categories/wintersemester-20112012/
http://www.karllorey.de/2011/11/29/google-maps-update-auf-version-6-0/,http://www.karllorey.de/posts/2011/11/29/google-maps-update-auf-version-6-0.html
http://www.karllorey.de/tag/beautiful-widgets,/categories/beautiful-widgets/
http://www.karllorey.de/tag/read-it-later,/categories/read-it-later/
http://www.karllorey.de/tag/influxdb,/categories/influxdb/
